College Code,College Name,Seat Category,AD - Artificial Intelligence & Data Science,AE - Aeronautical Engineering,AG - Agricultural Engineering,AI - Artificial Intelligence & Machine Learning,AL - Agriculture Engineering Course,AR - Automation & Robotics Engineering,AS - Aerospace Engineering,AU - Automobile Engineering,AVE - Automotive Engineering,BD - Bachelor of Design,BDC - Bachelor of Design (Communi- cation & Design),BFD - Bachelor of Design (Fashion Design),BID - Bachelor of Design (Industrial Design),BLD - Bachelor of Design (Lifestyle & Accessory Design),BM - Bio- Medical Engineering,BP - Bachelor of Urban & Regional Planning,BT - Bio- technology,CA - Computer Science & Engineering (Artificial Intelligence),CAD - Computer Science & Engineering (Artificial Intelligence & Data Science),CB - Computer Science & Business Systems,CBD - Computer Science & Technology (Big Data),CC - Ceramic And Cement Technology,CCA - Civil Engineering with Computer Application,CCS - Civil Construction & Sustainability Engineering,CD - Computer Science & Engineering (Data Science),CE - Computer Engineering,CG - Computer Science & Design,CH - Chemical Engineering,CI - Computer Science & Engineering (Artificial Intelligence & Machine Learning),CIT - Computer Science & Information Technology,CK - Civil Engineering (Kannada),CM - Computer & Communica- tion Engineering,CN - Computer Science & Technology,CO - Computer Science & Engineering (IOT),CR - Computer Science,CS - Computer Science & Engineering,CSB - Computer Science & Engineering (Block Chain),CSD - Computer Science & Technology (Devops),CV - Civil Engineering,CX - Cyber Security,CY - Computer Science & Engineering (Cyber Security),DS - Data Science,EC - Electronics & Communica- tion Engineering,ECE - Electrical & Computer Engineering,ECV - Electronics and Communica- tion Engineering (V LSI Design & Technology),EE - Electrical & Electronics Engineering,EI - Electronics & Instrument- ation Engineering,ES - Electronics & Computer Science,ET - Electronics & Telecommu- nication Engineering,IAR - Information Technology (Augmented Reality and Virtual Reality (AR / VR),IC - Computer Science & Engineering (IOT & Cyber Security Including Block Chain Technology),IDA - Information Technology (Data Analytics),IM - Industrial Engineering & Management,INT - Information Technology,IP - Industrial & Production Engineering,IS - Information Science & Engineering,IST - Information Science & Technology,MAE - Mechanical & Aerospace Engineering,MD - Medical Electronics Engineering,ME - Mechanical Engineering,MR - Marine Engineering,MT - Mechatronics Engineering,RA - Robotics & Automation,RI - Robotics & Artificial Intelligence,ROB - Robotics,TX - Textile Technology,UE - Electronics & Computer Engineering,VL - Electronics Engineering (VLSI Design & Technology),VLS - VLSI
E001,"Acharya Institute of Technology-Soladevanahalli, Bengaluru",GM,,56571,,99107,,,,,,,,,,,,,82087,,,,,,,,103486,,,,,,,,,,,109781,,,,,,,87540,,,,,,,,,,,,,106733,,,,,,,,,,,,,
E003,"A.C.S. College of Engineering-Kambipura Mysore Road, Bengaluru",GM,,,,74861,,,90119,,,,,,,,,,,,,,,,,,,,,,,,,,,,,,,,,,,,,,,,,,,,,,,,,,,,,,,,,,,,,,
E004,"Adichunchanagiri Institute Of Technology-Jyothi Nagara, Chikkamagaluru",GM,,,,62788,,,,,,,,,,,,,,,,,,,,,,,,,,,,,,,,96642,,,,,,,,,,,,,,,,,,,,,,,,,,,,,,,,,
E005,"Akash Institute of Engineering and Technology-Devanahalli, Bengaluru Rural",GM,84613,,,,,,,,,,,,,,,,,,,,,,,,,,,,84459,,,,,,,,,,,,,,,,,,,,,,,,,,,,,,,,,,,,,,,,
E006,"Alvas Institute of Engineering and Technology-Moodbidri, Mangaluru",GM,,,,,,,,,,,,,,,,,,,,,,,,,,,,,,,,,,,,,,,,,,,,,,,,,,,,,,,,,,,,,,,,,,,,,
E007,"AMC Engineering College-Bannerghatta Rd, Bengaluru",GM,,,,103040,,,,,,,,,,,,,,,,,,,,,,,,,110976,,,,,,,102932,,,,,,,,,,,,,,,,,,,,,,,,,,,,,,,,,
E009,"Angadi Institute of Technology and Management-Savagaon Road, Belagavi",GM,,,,,,,,,,,,,,,,,,,,,,,,,,,,,,,,,,,,,,,,,,,,,,,,,,,,,,,,,,,,,,,,,,,,,
E011,"APS College of Engineering-Kanakapura Road, Bengaluru",GM,,,,,,,,,,,,,,,,,,,,,,,,,,,,,,,,,,,,,,,,,,,,,,,,,,,,,,,,,,,,,,,,,,,,,
E012,"Atria Institute of Technology-Hebbal, Bengaluru",GM,,,,85194,,,,,,,,,,,,,,,,,,,,,105457,,,,,,,,,,,99556,,,,,,,110946,,,,,,,,,,,,,53093,,,,,,,,,,,,,
E013,"Akshaya Institute of Technology-Koratagere Road, Tumakuru",GM,,,,,,,,,,,,,,,,,,,,,,,,,,,,,,,,,,,,,,,,,,,,,,,,,,,,,,,,,,,,,,,,,,,,,
E014,"Anuvartik Mirji Bharatesh Institute of Technology-Shindhollicross, Belagavi",GM,,,,,,,,,,,,,,,,,,,,,,,,,,,,,,,,,,,,,,,,,,,,,,,,,,,,,,,,,,,,,,,,,,,,,
E015,"B.N.M. Institute of Technology-Banashankari, Bengaluru",GM,,,,43182,,,,,,,,,,,,,,,,,,,,,,,,,,,,,,,,36964,,,,,,,63350,,,91589,,,,,,,,,,45911,,,,,,,,,,,,,
E016,"KLE Technological University Formerly known as BVBCET-Vidyanagar, Hubballi",GM,,,,,,106607,,,,,,,,,,,,47299,,,,,,,,,,,,,,,,,,42269,,,111127,,,,68078,,,105816,,,,,,,,,,,,,,81153,,,,,,,,,73602
E017,"Ballari Institute of Technology And Management-Near Allipura, Ballari",GM,,,,,,,,,,,,,,,,,,,,,,,,,,,,,,,,,,,,,,,,,,,,,,,,,,,,,,,,,,,,,,,,,,,,,
E019,"Bangalore Institute of Technology-V V Puram, Bengaluru",GM,,,,22868,,,,,,,,,,,,,,,,,,,,,18272,,,,,,,,,,,16423,,,99675,,,,32635,,,54276,68852,,51158,,24466,,,,,24965,,,,99493,,,,30233,,,,42283,
E020,"Bangalore Technological Institute-Chikkanayakanahalli Dinne, Bengaluru",GM,,,,,,,,,,,,,,,,,,,,,,,,,,,,,,,,,,,,53793,,,,,,,,,,,,,,,,,,,,,,,,,,,,,,,,,
E021,"Bapuji Institute of Engineering and Technology-Shamanur Road, Davangere",GM,,,,101886,,,,,,,,,,,,,,,,,,,,,,,,,,,,,,,,111716,,,,,,,101288,,,,,,,,,,,,,90931,,,,,,,,,,,,,
E023,"Basavakalyan Engineering College-NH9 Basavakalyan, Bidar",GM,,,,,,,,,,,,,,,,,,,,,,,,,,,,,,,,,,,,,,,,,,,,,,,,,,,,,,,,,,,,,,,,,,,,,
E024,"Basaveshwar Engineering College-Vidya Nagar, Bagalkote",GM,,,,74077,,,,,,,,,,,,,,,,,,,,,,,,,,,,,,,,103197,,,,,,,90169,,,,,,,,,,,,,109052,,,,,,,,,,,,,
E026,"BLDEAs V.P. Dr.P.G.Halakatti College of Engineering and Technology-Ashram Road, Vijayapura",GM,,,,,,,,,,,,,,,,,,,,,,,,,,,,,,,,,,,,91800,,,,,,,,,,,,,,,,,,,,,,,,,,,,,,,,,
E027,"BMS College of Engineering-Basavanagudi, Bengaluru",GM,5885,,,6686,,,,,,,,,,,,,39302,,,6650,,,,,5610,,,44795,,,,,,,,5312,,,47626,,,,7904,,,,,,,,6143,,,,,,,,,21793,,,,,,,,,
E028,"BMS Institute of Technology and Management-Yelahanka, Bengaluru",GM,,,,26313,,,,,,,,,,,,,,,,22972,,,,,,,,,,,,,,,,19984,,,98837,,,,29885,,,47837,,,,,,,,,,,,,,68406,,,,,,,,,
E030,"Brindavan College of Engineering-Yelahanka, Bengaluru",GM,,,,,,,,,,,,,,,,,,,,,,,,,,,,,,,,,,,,,,,,,,,,,,,,,,,,,,,,,,,,,,,,,,,,,
E032,"C.M.R. Institute of Technology-Brookefield, Bengaluru",GM,36348,,,34791,,,,,,,,,,,,,,,,,,,,,29052,,,,26892,,,,,,,26223,,,,,,,63591,,,,,,,,,,,,,39306,,,,,,,,,,,,,
E033,"Cambridge Institute of Technology-K R Puram, Bengaluru",GM,,,,111359,,,,,,,,,,,,,,,,,,,,,85816,,,,,,,,,,,110484,,,,,,,88739,,,,,,,,93618,,,,,,,,,,,,,,,,,,
E035,"Channabasaveshwara Institute of Technology- Gubbi, Tumakuru",GM,,,,,,,,,,,,,,,,,,,,,,,,,,,,,,,,,,,,,,,,,,,,,,,,,,,,,,,,,,,,,,,,,,,,,
E036,"Chanakya University-Devanahalli, Bengaluru Rural",GM,,,,,,,,,,,,,,,,,,,,,,,,,,,,,,,,,,,,,,,,,,,,,,,,,,,,,,,,,,,,,,,,,,,,,
E037,"City Engineering College-Doddakalasandra, Bengaluru",GM,,,,,,,,,,,,,,,,,,,,,,,,,,,,,,,,,,,,,,,,,,,,,,,,,,,,,,,,,,,,,,,,,,,,,
E038,"Coorg Institute of Technology-Ponnampet, South Kodagu",GM,,,,,,,,,,,,,,,,,,,,,,,,,,,,,,,,,,,,,,,,,,,,,,,,,,,,,,,,,,,,,,,,,,,,,
E039,"Dayananda Sagar Academy of Technology and Management-Kanakpura Road, Bengaluru",GM,,,,,,,,,,,,,,,,,,,,,,,,,68369,,,,54107,,,,,,,58956,,,,,73943,,108621,,,,,,,,86367,,,,,94611,,,,91599,,,,,,,,,
E040,"Dayananda Sagar College of Engineering-Kumaraswamy Layout, Bengaluru",GM,,37450,,9622,,,,63821,,,,,,,,,81432,,,,,,,,8322,,11261,53019,,,,,,,,7819,,,68618,,9105,,17651,,,36048,,,30129,,10204,,,,,10627,,,71114,55934,,,,12335,,,,,
E041,"DON BOSCO Institute of Technology-Kumbalgodu, Bengaluru",GM,,,,,,,,,,,,,,,,,,,,,,,,,,,,,71736,,,,,,,78693,,,,,,,,,,,,,,,,,,,,,,,,,,,,,,,,,
E042,"Dr. Ambedkar Institute of Technology-Malathahalli, Bengaluru",GM,,,,84409,,,,,,,,,,,,,,,,76077,,,,,110247,,,,,,,,,,,82800,,,,,,,84729,,70725,,,,,,,,,,,109945,,,,,,,,,,,,,
E043,"Yenepoya Institute of Technology formerly known as Dr. M V Shetty Institute of Technology- Moodbidri, Mangaluru",GM,,,,,,,,,,,,,,,,,,,,,,,,,,,,,,,,,,,,,,,,,,,,,,,,,,,,,,,,,,,,,,,,,,,,,
E044,"Dr.Shri Shri Shivakumara Mahaswamy College of Engineering-Nelamangala, Bengaluru Rural",GM,,,,,,,,,,,,,,,,,,,,,,,,,,,,,,,,,,,,,,,,,,,,,,,,,,,,,,,,,,,,,,,,,,,,,
E045,"Dr H N National College Of Engineering-Jayanagar, Bengaluru",GM,,,,,,,,,,,,,,,,,,,,,,,,,,,,,,,,,,,,,,,,,,,,,,,,,,,,,,,,,,,,,,,,,,,,,
E046,"East Point College of Engineering and Technology-Avalahalli, Bengaluru",GM,,,,,,,,,,,,,,,,,,,,,,,,,,,,,59837,,,,,,,86011,,,,,,,74935,,,,,,,,,,,,,,,,,,,,,,,,,,
E048,"East West Institute of Technology-BEL Layout, Bengaluru",GM,,,,73053,,,,,,,,,,,,,,,,,,,,,,,,,,,,,,,,88757,,,,,,,,,,,,,,,,,,,,,,,,,,,,,,,,,
E049,"Garden City University-Old Madras Road, Bengaluru",GM,,,,,,,,,,,,,,,,,,,,,,,,,,,,,,,,,,,,63842,,,,,,,,,,,,,,,,,,,,,,,,,,,,,,,,,
E050,"Global Academy of Technology-Rajarajeshwari Nagar, Bengaluru",GM,55758,,,99801,,,,,,,,,,,,,,,,,,,,,,,,,94669,,,,,,,110697,,,,,,,74350,,,,,,,,,,,,,92682,,,,,,,,,,,,,
E051,"GM Institute of Technology-P B Road, Davangere",GM,,,,,,,,,,,,,,,,,,,,,,,,,,,,,,,,,,,,69224,,,,,,,,,,,,,,,,,,,,,,,,,,,,,,,,,
E053,"Gopalan College of Engineering And Management-Whitefield, Bengaluru",GM,,,,,,,,,,,,,,,,,,,,,,,,,,,,,65974,,,,,,,89034,,,,,,,,,,,,,,,,,,,,,,,,,,,,,,,,,
E055,"GSSS Institute of Engineering and Technology for Women-Metagalli, Mysuru",GM,74720,,,,,,,,,,,,,,,,,,,,,,,,,,,,56718,,,,,,,54607,,,,,,,102442,,,,,,,,,,,,,88717,,,,,,,,,,,,,
E056,"H.K.E.Societys P.D.A. College of Engineering-Aiwan E Shahi area, Kalaburgi",GM,,,,,,,,,,,,,,,,,,,,,,,,,,,,,,,,,,,,,,,,,,,,,,,,,,,,,,,,,,,,,,,,,,,,,
E058,"Sri Jayachamarajendra College of Engineering constituent college of JSS Science and Technology  University-Manasagangothri, Mysuru",GM,,,,,,,,,,,,,,,,,,,,,,,,,,,,,,,,,,,,7156,,,,,,,,,,,,,,,,,,,,,,,,,,,,,,,,,
E059,"Jawaharlal Nehru New College of Engineering JNNCE-Swalanga Road, Shivamogga",GM,,,,92366,,,,,,,,,,,,,,,,,,,,,,,,,,,,,,,,46827,,,103564,,,,,,,,,,,,,,,,,,,,,,,,,,,,,,
E060,"JSS Academy of Technical Education-Kengeri Main Road, Bengaluru",GM,,,,,,,,,,,,,,,,,,,,,,,,,,,,,68949,,,,,,,61469,,,,,,,110026,,,,,,,,,,,,,107604,,,,,,,100246,,,,,,
E061,JSS Science and Technology University-Mysuru,GM,,,,,,,,,,,,,,,,,109696,,,26967,,,,,,,,,16101,,,,,,,15742,,,81346,,,,,,,,,,,,,,,,,26486,,,,93758,,,,,,,,,
E062,"Jain College of Engineering-T.S Nagar, Belagavi",GM,,,,,,,,,,,,,,,,,,,,,,,,,,,,,73621,,,,,,,,,,,,,,,,,,,,,,,,,,,,,,,,,,,,,,,,
E063,"Jnana Vikas Institute of Technology-Bidadi, Ramnagar Taluk, Bengaluru Rural",GM,,,,,,,,,,,,,,,,,,,,,,,,,,,,,,,,,,,,,,,,,,,,,,,,,,,,,,,,,,,,,,,,,,,,,
E064,"Jain College of Engineering and Research-Udyambag, Belagavi",GM,,,,,,,,,,,,,,,,,,,,,,,,,,,,,,,,,,,,,,,,,,,,,,,,,,,,,,,,,,,,,,,,,,,,,
E065,"KLE Technological University  Formerly called as KLE Dr. M.S. Sheshgiri College of Engineering and  Technology-Udyambag, Belagavi",GM,,,,,,,,,,,,,,,,,,101670,,,,,,,,,,67577,,,,,,,,99417,,,,,,,109669,,,,,,,,,,,,,,,,,,,,,,,,,,
E066,"KLE College of Engineering and Technology-Chikodi Dist., Belagavi",GM,,,,,,,,,,,,,,,,,,,,,,,,,,,,,,,,,,,,,,,,,,,,,,,,,,,,,,,,,,,,,,,,,,,,,
E067,"K.S School of Engineering And Management-Off Kanakapura Road, Bengaluru",GM,,,,,,,,,,,,,,,,,,,,,,,,,,,,,,,,,,,,,,,,,,,,,,,,,,,,,,,,,,,,,,,,,,,,,
E068,"K.S. Institute of Technology-Kanakapura Main Road, Bengaluru",GM,,,,102605,,,,,,,,,,,,,,,,,,,,,,,,,,,,,,,,82138,,,,,,,62181,,,,,,,,,,,,,,,,,,,,,,,,,,
E069,"KVG College Of Engineering-Sullia, Dakshina Kannada",GM,,,,,,,,,,,,,,,,,,,,,,,,,,,,,,,,,,,,,,,,,,,,,,,,,,,,,,,,,,,,,,,,,,,,,
E070,"Kalpataru Institute of Technology-B H Road, Tiptur",GM,,,,,,,,,,,,,,,,,,,,,,,,,,,,,,,,,,,,,,,,,,,,,,,,,,,,,,,,,,,,,,,,,,,,,
E071,"Karavali Institute of Technology-Kottara, Mangaluru",GM,,,,,,,,,,,,,,,,,,,,,,,,,,,,,,,,,,,,,,,,,,,,,,,,,,,,,,,,,,,,,,,,,,,,,
E073,"KLS Gogte Institute of Technology-Udyambag, Belagavi",GM,,101565,,,,,,,,,,,,,,,,,,,,,,,,,,,43970,,,,,,,65197,,,7406,,,,79437,,,,,,,,,,,,,,,,,,,,,,,,,,
E074,"KLS Vishwanathrao Deshpande Institute of Technology-Dandeli Road, Haliyal",GM,,,,,,,,,,,,,,,,,,,,,,,,,,,,,,,,,,,,110111,,,,,,,108632,,,,,,,,,,,,,,,,,,,,,,,,,,
E075,"KNS Institute of Technology-Yelahanka, Bengaluru",GM,,,,,,,,,,,,,,,,,,,,,,,,,,,,,,,,,,,,,,,,,,,,,,,,,,,,,,,,,,,,,,,,,,,,,
E076,"M.S. Engineering College-Sadahalli, Bengaluru",GM,,,,,,,,,,,,,,,,,,,,,,,,,,,,,,,,,,,,,,,,,,,,,,,,,,,,,,,,,,,,,,,,,,,,,
E077,"M.S. Ramaiah Institute of Technology-MSR Nagar, Bengaluru",GM,3422,,,3244,,,14008,,,,,,,,,,38302,,,,,,,,,,,42698,2098,,,,,,,1667,,,45472,,2852,,4567,,,8406,9756,,6767,,,,46626,,,3030,,,51999,25278,,,,,,,,,
E078,"Maharaja Institute of Technology-Belawadi, Mandya",GM,,,,,,,,,,,,,,,,,,101827,,109740,,,,,106871,,,,98718,,,,,,,111099,,,,,,,,,,,,,,,,,,,,102839,,,,,,,,,,,,,
E079,"Malnad College of Engineering-Rangoli Halla, Hassan",GM,,,,,,,,,,,,,,,,,,,,,,,,,,,,,,,,,,,,82338,,,,,,,,,,,,,,,,,,,,,,,,,,,,,,,,,
E080,"Mangalore Institute of Technology and Engineering-Moodbidri, Mangaluru",GM,,,,,,,,,,,,,,,,,,,,,,,,,,,,,,,,,,,,,,,,,,,,,,,,,,,,,,,,,,,,,,,,,,,,,
E081,"Moodalakatte Institute of Technology-Moodalakatte, Udupi",GM,,,,,,,,,,,,,,,,,,,,,,,,,,,,,,,,,,,,,,,,,,,,,,,,,,,,,,,,,,,,,,,,,,,,,
E082,"Maharaja Institute of Technology-Thandavapura, Mysuru",GM,,,,,,,,,,,,,,,,,,,,,,,,,,,,,71122,,,,,,,,,,,,,,,,,,,,,,,,,,,,,,,,,,,,,,,,
E083,"Mysuru Royal Institute of Technology-Palahallli, Mandya District",GM,,,,,,,,,,,,,,,,,,,,,,,,,,,,,,,,,,,,,,,,,,,,,,,,,,,,,,,,,,,,,,,,,,,,,
E084,"Nagarjuna College of Engineering And Technology-Devanahalli, Bengaluru",GM,,,,,,,,,,,,,,,,,,,,,,,,,,,,,59079,,,,,,,,,,,,,,,,,,,,,,,,,,,,,,,,,,,,,,,,
E085,"The National Institute of Engineering North Campus-Koorgalli, Mysuru",GM,,,,,,,,,,,,,,,,,,,,,,,,,,,,,25039,,,,,,,24347,,,,,,,,,,,,,,,,,,,,,,,,,,,,,,,,,
E088,"Navodaya Institute of Technology-Bijangera, Raichur",GM,,,,,,,,,,,,,,,,,,,,,,,,,,,,,,,,,,,,,,,,,,,,,,,,,,,,,,,,,,,,,,,,,,,,,
E089,"P.E.S.College of Engineering-PES College Road, Mandya",GM,,,,,,,,,,,,,,,,,,,,52714,,,,,71221,,,,62004,,,,,,,82113,,,110449,,,,82264,,95839,66533,,,,,,,,,,92865,,,,,,,,49355,,,,,
E090,"PES Institute of Technology and Management-Kotegangoor Cost, Shivamogga",GM,,,,,,,,,,,,,,,,,,,,,,,,,,,,,,,,,,,,84099,,,,,,,,,,,,,,,,,,,,,,,,,,,,,,,,,
E094,"Proudhadevaraya Institute of Technology-TB Dam Road, Hosapete",GM,,,,,,,,,,,,,,,,,,,,,,,,,,,,,,,,,,,,,,,,,,,,,,,,,,,,,,,,,,,,,,,,,,,,,
E095,"R V College of Engineering-Mysore Road, Bengaluru",GM,,,,,,,6429,,,,,,,,,,18883,,,,,,,,890,,,13038,975,,,,,,,692,,,20917,,1091,,1399,,,2424,,,1790,,,,17533,,,,,,,7032,,,,,,,,,
E096,"R.L. Jalappa Institute of Technology-Kodigehalli, Doddaballapur",GM,,,,,,,,,,,,,,,,,,,,,,,,,,,,,,,,,,,,,,,,,,,,,,,,,,,,,,,,,,,,,,,,,,,,,
E097,"R.R. Institute of Technology-Chikkabanavara, Bengaluru",GM,,,,,,,,,,,,,,,,,,,,,,,,,,,,,,,,,,,,,,,,,,,,,,,,,,,,,,,,,,,,,,,,,,,,,
E098,"R T E Societys Rural Engineering College-Hulkoti, Gadag",GM,,,,,,,,,,,,,,,,,,,,,,,,,,,,,,,,,,,,,,,,,,,,,,,,,,,,,,,,,,,,,,,,,,,,,
E099,"Raja Rajeswari College of Engineering-Kumbalgodu, Bengaluru",GM,,,,,,,,,,,,,,,,,,,,,,,,,,,,,,,,,,,,86038,,,,,,,,,,,,,,,,,,,,,,,,,,,,,,,,,
E100,"Rajeev Institute of Technology-BM Bypass Road, Hassan",GM,,,,,,,,,,,,,,,,,,,,,,,,,,,,,,,,,,,,,,,,,,,,,,,,,,,,,,,,,,,,,,,,,,,,,
E101,"Rajiv Gandhi Institute of Technology-R T Nagar Post, Bengaluru",GM,,,,,,,,,,,,,,,,,,,,,,,,,,,,,,,,,,,,,,,,,,,,,,,,,,,,,,,,,,,,,,,,,,,,,
E102,"Rao Bahadur Y Mahabaleswarappa Engineering College-Cantonment, Ballari",GM,,,,,,,,,,,,,,,,,,,,,,,,,,,,,,,,,,,,,,,,,,,,,,,,,,,,,,,,,,,,,,,,,,,,,
E104,"RNS Institute of Technology-R R Nagar Post, Bengaluru",GM,,,,,,,,,,,,,,,,,,,,,,,,,48497,,,,46906,,,,,,,42678,,,,,50778,,68546,,,89917,,,,,,,,,,,,,,89591,,,,,,,,,
E105,"Bheemanna Khandre Institute of Technology-Bhalki, Bidar",GM,,,,,,,,,,,,,,,,,,,,,,,,,,,,,,,,,,,,,,,,,,,,,,,,,,,,,,,,,,,,,,,,,,,,,
E107,"SJB Institute of Technology-Kengeri, Bengaluru",GM,,,,103454,,,,,,,,,,,,,,,,,,,,,111065,,,,,,,,,,,108764,,,,,,,49351,,,,,,,,,,,,,94373,,,,,,,,,,,,,
E108,"S J C Institute of Technology-BB Road, Chikkaballapur",GM,,,,,,,,,,,,,,,,,,,,,,,,,,,,,,,,,,,,,,,,,,,,,,,,,,,,,,,,,,,,,,,,,,,,,
E109,"S.E.A. College of Engineering and Technology-K R Puram, Bengaluru",GM,,,,,,,,,,,,,,,,,,,,,,,,,,,,,,,,,,,,,,,,,,,,,,,,,,,,,,,,,,,,,,,,,,,,,
E110,"SSETs S.G. Balekundri Institute of Technology-Shivabasva Nagar, Belagavi",GM,,,,,,,,,,,,,,,,,,,,,,,,,,,,,,,,,,,,86752,,,,,,,,,,,,,,,,,,,,,,,,,,,,,,,,,
E111,"S.J.P.N Trust s Hirasugar Institute of Technology-Nidasoshi, Belagavi",GM,,,,,,,,,,,,,,,,,,,,,,,,,,,,,,,,,,,,,,,,,,,,,,,,,,,,,,,,,,,,,,,,,,,,,
E112,"Sahyadri College of Engineering and Management-Adyar, Mangaluru",GM,,,,,,,,,,,,,,,,,,,,,,,,,,,,,,,,,,,,100034,,,,,,,,,,,,,,,,,,,,,,,,,,,,,,,,,
E113,"Sai Vidya Institute of Technology-Rajan Kunte, Bengaluru",GM,,,,,,,,,,,,,,,,,,,,,,,,,,,,,,,,,,,,106788,,,,,,,,,,,,,,,,,,,,,,,,,,,,,,,,,
E114,"Sambhram Institute of Technology-Jalahalli East, Bengaluru",GM,,,,,,,,,,,,,,,,,,,,,,,,,,,,,,,,,,,,,,,,,,,,,,,,,,,,,,,,,,,,,,,,,,,,,
E116,"Sapthagiri NPS University-Hesarghatta Main Road, Bengaluru",GM,,,,,,,,,,,,,,,,,,,,,,,,,,,,,,,,,,,,83561,,,,,,,97031,,,,,,,,,,,,,,,,,,,,,,,,,,
E117,"SDM College of Engineering and Technology, Tulu Minority-Kalaghatagi, Dharwad",GM,,,,75645,,,,,,,,,,,,,,,,,,,,,,,,,,,,,,,,68774,,,,,,,88474,,,104133,,,,,,,,,,79990,,,,,,,,,,,,,
E118,"SDM Institute of Technology, Tulu Minority-Ujjire, Dakshina Kannada",GM,,,,,,,,,,,,,,,,,,,,,,,,,,,,,,,,,,,,,,,,,,,97963,,,,,,,,,,,,,,,,,,,,,,,,,,
E119,"SECAB Institute of Engineering andTechnology-Nauraspur-Bagalkot Road, Vijayapura",GM,,,,,,,,,,,,,,,,,,,,,,,,,,,,,,,,,,,,,,,,,,,,,,,,,,,,,,,,,,,,,,,,,,,,,
E121,"Sri Sairam College of Engineering-Anekal, Bengaluru",GM,,,,,,,,,,,,,,,,,,,,,,,,,,,,,,,,,,,,,,,,,,,,,,,,,,,,,,,,,,,,,,,,,,,,,
E122,"Shree Devi Institute of Technology-Kenjar, Mangaluru",GM,,,,,,,,,,,,,,,,,,,,,,,,,,,,,,,,,,,,,,,,,,,,,,,,,,,,,,,,,,,,,,,,,,,,,
E123,"Shri Madhwa Vadiraja Institute of Technology and Management-Bantakal, Udupi",GM,,,,,,,,,,,,,,,,,,,,,,,,,,,,,,,,,,,,,,,,,,,,,,,,,,,,,,,,,,,,,,,,,,,,,
E124,"Shridevi Institute of Engineering and Technology-Sira Road, Tumakuru",GM,,,,,,,,,,,,,,,,,,,,,,,,,,,,,,,,,,,,,,,,,,,,,,,,,,,,,,,,,,,,,,,,,,,,,
E125,"Siddaganga Institute of Technology-B H Road, Tumakuru",GM,,,,,,,,,,,,,,,,,,,,,,,,,,,,,20772,,,,,,,19691,,,,,,,35776,,,,,,,,,,,,,27637,,,,,,,,,,,,,
E126,"Sir M.Visvesvaraya Institute of Technology-Yelahanka, Bengaluru",GM,,,,41674,,,,,,,,,,,,,107254,,,,,,,,37806,,,,,,,,,,,36563,,,,,,,74763,,,96996,,,78423,,47216,,,,,53985,,,,106568,,,,73039,,,102189,,
E127,"SJM Institute of Technology-NH 4 Bye-pass, Chitradurga",GM,,,,,,,,,,,,,,,,,,,,,,,,,,,,,,,,,,,,,,,,,,,,,,,,,,,,,,,,,,,,,,,,,,,,,
E128,"Smt. Kamala and Sri Venkappa M. Agadi College of Engineering and Technology-Laxmeswar, Gadag",GM,,,,,,,,,,,,,,,,,,,,,,,,,,,,,,,,,,,,,,,,,,,,,,,,,,,,,,,,,,,,,,,,,,,,,
E132,"Sri Krishna Institute of Technology-Chikkabanavara, Bengaluru",GM,,,,,,,,,,,,,,,,,,,,,,,,,,,,,,,,,,,,,,,,,,,,,,,,,,,,,,,,,,,,,,,,,,,,,
E136,"Sri Taralabalu Jagadguru Institute of Technology-Haveri Dist., Ranebennur",GM,,,,,,,,,,,,,,,,,,,,,,,,,,,,,,,,,,,,,,,,,,,,,,,,,,,,,,,,,,,,,,,,,,,,,
E137,"Sri Venkateshwara College of Engineering-KIAL Road, Bengaluru",GM,,,,,,,,,,,,,,,,,,,,,,,,,,,,,,,,,,,,35910,,,,,,,,,,,,,,,,,,,,,,,,,,,,,,,,,
E138,"Srinivas Institute of Technology-Hampankatta, Mangaluru",GM,,,,,,,,,,,,,,,,,,,,,,,,,,,,,,,,,,,,,,,,,,,,,,,,,,,,,,,,,,,,,,,,,,,,,
E141,"T. John Institute of Technology-Bannerghatta Road, Bengaluru",GM,,,,,,,,,,,,,,,,,,,,,,,,,,,,,,,,,,,,,,,,,,,,,,,,,,,,,,,,,,,,,,,,,,,,,
E142,"The National Institute of Engineering South Campus-Mananthavady Road, Mysuru",GM,,,,,,,,,,,,,,,,,,,,,,,,,,,,,,,,,,,,,,,,,,,30072,,,37414,,,,,,,,,,,,,,65094,,,,,,,,,
E143,"Tontadarya College of Engineering-Mundaragi Road , Gadag",GM,,,,,,,,,,,,,,,,,,,,,,,,,,,,,,,,,,,,,,,,,,,,,,,,,,,,,,,,,,,,,,,,,,,,,
E144,"Veerappa Nisty Engineering College-Shorapur, Yadgir",GM,,,,,,,,,,,,,,,,,,,,,,,,,,,,,,,,,,,,,,,,,,,,,,,,,,,,,,,,,,,,,,,,,,,,,
E145,"Vemana Institute of Technology-Koramangala, Bengaluru",GM,,,,75204,,,,,,,,,,,,,,,,,,,,,,,,,,,,,,,,95627,,,,,,,,,,,,,,,,,,,,,,,,,,,,,,,,,
E146,"Vidya Vikas Institute of Engineering and Technology-Alnahally, Mysuru",GM,,,,,,,,,,,,,,,,,,,,,,,,,,,,,,,,,,,,108452,,,,,,,,,,,,,,,,,,,,,,,,,,,,,,,,,
E147,"Vidyavardhaka College of Engineering-Gokulam, Mysuru",GM,,,,,,,,,,,,,,,,,,,,,,,,,,,,,80591,,,,,,,106778,,,,,,,109543,,,86250,,,,,,,,,,,,,,,,,,,,,,,
E148,"Vivekananda College of Engineering and Technology-Puttur, Dakshin Kannada",GM,,,,,,,,,,,,,,,,,,,,,,,,,,,,,,,,,,,,,,,,,,,,,,,,,,,,,,,,,,,,,,,,,,,,,
E152,"ATME College of Engineering-Bannur Road, Mysuru",GM,,,,,,,,,,,,,,,,,,,,,,,,,,,,,,,,,,,,,,,,,,,,,,,,,,,,,,,,,,,,,,,,,,,,,
E156,"Jyothy Institute of Technology-Tathguni, Bengaluru",GM,,,,,,,,,,,,,,,,,,,,,,,,,,,,,,,,,,,,61663,,,,,,,,,,,,,,,,,,,,,,,,,,,,,,,,,
E158,"Shetty Institute of Technology - Gulbarga Shahabad Road, Kalaburagi",GM,,,,,,,,,,,,,,,,,,,,,,,,,,,,,,,,,,,,,,,,,,,,,,,,,,,,,,,,,,,,,,,,,,,,,
E159,"Lingaraj Appa Engineering-Gornalli, Bidar",GM,,,,,,,,,,,,,,,,,,,,,,,,,,,,,,,,,,,,,,,,,,,,,,,,,,,,,,,,,,,,,,,,,,,,,
E161,"Cambridge Institute of Technology North Campus-Kundana, Bengaluru",GM,,,,,,,,,,,,,,,,,,,,,,,,,,,,,78588,,,,,,,77553,,,,,,,,,,,,,,,,,,,,,,,,,,,,,,,,,
E164,"Reva University-Yelahanka, Bengaluru",GM,61900,,,,,,,,,,,,,,,,,,,,,,,,,,,,44001,71315,,,,,,,,,52607,,,,100240,,,,,,,,93248,,,,,81333,,,,,,,,,,,,,
E165,"Alliance College of Engineering and Design. Alliance University-Anekal, Bengaluru",GM,,,,,,,75474,,,,,,,,,,104073,,,,,,,,,,,,,,,,,48973,,110415,,,,,106533,,85976,,,,,,,,,,,75155,,,,,,,,,,,,,,,
E171,"GITAM Deemed to be University-Dodaballapur taluk, Bengaluru",GM,,,,,,,,,,,,,,,,,,,,,,,,,53533,,,,38125,,,,,,,32484,,,,,56380,,75265,99933,,,,,,,,,,,,,,,,,,,,86220,,,,,
E172,"Mysore College of Engineering and Management-Chikkahalli, Mysuru",GM,,,,,,,,,,,,,,,,,,,,,,,,,,,,,,,,,,,,,,,,,,,,,,,,,,,,,,,,,,,,,,,,,,,,,
E173,"Presidency University-Yelahanka, Bengaluru",GM,,,,,,,,,,,,,,,,,,,,,68743,,,,102072,,,,108990,,,,,107590,,108926,,60930,,,82366,,,,,,,,,,,,,,,51906,,,,,,,,,,,,,
E183,"Jain Institute of Technology-Avaragere Village, Davangere",GM,,,,,,,,,,,,,,,,,,,,,,,,,,,,,,,,,,,,,,,,,,,,,,,,,,,,,,,,,,,,,,,,,,,,,
E187,"CMR University-Bagalur-Chagalatti, Bengaluru",GM,,,,,,,,,,,,,,,,,,,,,,,,,103547,79385,,,103021,,,,,,,109536,,,,,,,69337,,,,,,,,,,,,,,,,,,,,,,,,,,
E191,"Sir M V School Of Architecture-Yelahanka, Bengaluru",GM,,,,,,,,,,,,,,,,,,,,,,,,,,,,,,,,,,,,,,,,,,,,,,,,,,,,,,,,,,,,,,,,,,,,,
E194,"Jain College of Engineering and Technology-Unkal, Hubballi",GM,,,,108652,,,,,,,,,,,,,,,,,,,,,,,,,,,,,,,,91832,,,,,,,89005,,,,,,,,,,,,,,,,,,,,,,,,,,
E195,"Navkis College of Engineering -Kandali NH75, Hassan",GM,,,,,,,,,,,,,,,,,,,,,,,,,,,,,,,,,,,,,,,,,,,,,,,,,,,,,,,,,,,,,,,,,,,,,
E197,"M.S. Ramaiah University of Applied Sciences-MSR Nagar, Bengaluru",GM,,,,,,,,,61634,,,,,,,,,,,,,,,,,,,,,,,,,,,,,,109381,,,,,,,,,,,,,,,,,39103,,,,,,,,,,,,,
E198,"R V Institute of Technology and Management-J P Nagar, Bengaluru",GM,,,,,,,,,,,,,,,,,,,,,,,,,,,,,24673,,,,,,,21189,,,,,,,25588,,,,,,,,,,,,,,,,,,,,,,,,,,
E199,"Biluru Gurubasava Mahaswamiji Institute of Technology-Mudhol, Bagalkot",GM,,,,,,,,,,,,,,,,,,,,,,,,,,,,,,,,,,,,,,,,,,,,,,,,,,,,,,,,,,,,,,,,,,,,,
E201,"G Madegowda Institute of Technology-Maddur, Mandya District",GM,,,,,,,,,,,,,,,,,,,,,,,,,,,,,,,,,,,,,,,,,,,,,,,,,,,,,,,,,,,,,,,,,,,,,
E202,"C Byregowda Insitute of Technology-Thoradevandahalli, Kolar",GM,,,,,,,,,,,,,,,,,,,,,,,,,,,,,,,,,,,,,,,,,,,,,,,,,,,,,,,,,,,,,,,,,,,,,
E203,"Amruta Institute of Engineering and Management Science-Bidadi, Ramnagar Taluk, Bengaluru Rural",GM,,,,,,,,,,,,,,,,,,,,,,,,,,,,,,,,,,,,,,,,,,,,,,,,,,,,,,,,,,,,,,,,,,,,,
E204,"H.K.E. Societys Sir M. Visvesvaraya College of Engineering-Yermarus Camp, Raichur",GM,,,,,,,,,,,,,,,,,,,,,,,,,,,,,,,,,,,,,,,,,,,,,,,,,,,,,,,,,,,,,,,,,,,,,
E205,"Vijaya Vittala Institution of Technology-Kothanur, Bengaluru",GM,,,,,,,,,,,,,,,,,,,,,,,,,,,,,,,,,,,,,,,,,,,,,,,,,,,,,,,,,,,,,,,,,,,,,
E206,"Cauvery Institute Of Technology-Sundahalli, Mandya",GM,,,,,,,,,,,,,,,,,,,,,,,,,,,,,,,,,,,,,,,,,,,,,,,,,,,,,,,,,,,,,,,,,,,,,
E207,"BGS College of Engineering and Technology-Mahalaxmipuram, Bengaluru",GM,106934,,,93228,,,,,,,,,,,,,,,,,,,,,,,,,,,,,,,,90133,,,,,,,,,,,,,,,,,,,,,,,,,,,,,,,,,
E208,"A.G.M Rural College of Engineering and Technology-Varur, Hubballi",GM,,,,,,,,,,,,,,,,,,,,,,,,,,,,,,,,,,,,,,,,,,,,,,,,,,,,,,,,,,,,,,,,,,,,,
E209,"Aditya College of Engineering and Technology-Yelahanka, Bengaluru",GM,,,,,,,,,,,,,,,,,,,,,,,,,,,,,,,,,,,,,,,,,,,,,,,,,,,,,,,,,,,,,,,,,,,,,
E211,"East West College of Engineering-Yelahanka, Bengaluru",GM,,,,,,,,,,,,,,,,,,,,,,,,,,,,,,,,,,,,,,,,,,,,,,,,,,,,,,,,,,,,,,,,,,,,,
E212,"Seshadripuram Institute of Technology - Jaipura Hobli, Mysuru",GM,,,,,,,,,,,,,,,,,,,,,,,,,,,,,,,,,,,,,,,,,,,,,,,,,,,,,,,,,,,,,,,,,,,,,
E214,"Sri Siddhartha School of Engineering-Near Kyathsandra Toll Gate, Tumkur",GM,,,,,,,,,,,,,,,,,,,,,,,,,,,,,,,,,,,,,,,,,,,,,,,,,,,,,,,,,,,,,,,,,,,,,
E215,"Cauvery College of Engineering-KBL Layout, Mysuru",GM,,,,,,,,,,,,,,,,,,,,,,,,,,,,,,,,,,,,,,,,,,,,,,,,,,,,,,,,,,,,,,,,,,,,,
E216,"New Ebenezer Institute of Technology - Kothanur, Bangalore",GM,,,,,,,,,,,,,,,,,,,,,,,,,,,,,,,,,,,,,,,,,,,,,,,,,,,,,,,,,,,,,,,,,,,,,
E217,"Harsha Institute of Technology-Nelamangala Taluk, Bangalore Rural",GM,,,,,,,,,,,,,,,,,,,,,,,,,,,,,,,,,,,,,,,,,,,,,,,,,,,,,,,,,,,,,,,,,,,,,
