College Code,College Name,Seat Category,AD - Artificial Intelligence & Data Science,AE - Aeronautical Engineering,AG - Agricultural Engineering,AI - Artificial Intelligence & Machine Learning,AL - Agriculture Engineering Course,AR - Automation & Robotics Engineering,AS - Aerospace Engineering,AU - Automobile Engineering,AVE - Automotive Engineering,BD - Bachelor of Design,BDC - Bachelor of Design (Communic- ation & Design),BFD - Bachelor of Design (Fashion Design),BID - Bachelor of Design (Industrial Design),BLD - Bachelor of Design (Lifestyle & Accessory Design),BM - Bio- Medical Engineering,BP - Bachelor of Urban & Regional Planning,BT - Bio- technology,CA - Computer Science & Engineering (Artificial Intelligence),CAD - Computer Science & Engineering (Artificial Intelligence & Data Science),CB - Computer Science & Business Systems,CBD - Computer Science & Technology (Big Data),CC - Ceramic And Cement Technology,CCA - Civil Engineering with Computer Application,CCS - Civil Construction & Sustainability Engineering,CD - Computer Science & Engineering (Data Science),CE - Computer Engineering,CG - Computer Science & Design,CH - Chemical Engineering,CI - Computer Science & Engineering (Artificial Intelligence & Machine Learning),CIT - Computer Science & Information Technology,CK - Civil Engineering (Kannada),CM - Computer & Communica- tion Engineering,CN - Computer Science & Technology,CO - Computer Science & Engineering (IOT),CR - Computer Science,CS - Computer Science & Engineering,CSB - Computer Science & Engineering (Block Chain),CSD - Computer Science & Technology (Devops),CV - Civil Engineering,CX - Cyber Security,CY - Computer Science & Engineering (Cyber Security),DS - Data Science,EC - Electronics & Communicati on Engineering,ECE - Electrical & Computer Engineering,ECV - Electronics and Communica- tion Engineering ( VLSI Design & Technology),EE - Electrical & Electronics Engineering,EI - Electronics & Instrumentati on Engineering,ES - Electronics & Computer Science,ET - Electronics & Telecommu- nication Engineering,IAR - Information Technology (Augmented Reality and Virtual Reality (AR / VR),IC - Computer Science & Engineering (IOT & Cyber Security Including Block Chain Technology),IDA - Information Technology (Data Analytics),IM - Industrial Engineering & Management,INT - Information Technology,IP - Industrial & Production Engineering,IS - Information Science & Engineering,IST - Information Science & Technology,MAE - Mechanical & Aerospace Engineering,MD - Medical Electronics Engineering,ME - Mechanical Engineering,MR - Marine Engineering,MT - Mechatronics Engineering,RA - Robotics & Automation,RI - Robotics & Artificial Intelligence,ROB - Robotics,TX - Textile Technology,UE - Electronics & Computer Engineering,VL - Electronics Engineering (VLSI Design & Technology),VLS - VLSI
E001,"Acharya Institute of Technology-Soladevanahalli, Bengaluru",GM,,104061,,52746,,,,,,,,,,,,,105937,,,,,,,,53623,,,,,,,,,,,51728,,,90907,,,,89548,,,104887,,,,,,,,,,75143,,,,107616,,90218,,70413,,,,,
E003,"A.C.S. College of Engineering-Kambipura Mysore Road, Bengaluru",GM,,,,92733,,,90119,,,,,,,,,,,,,,,,,,,,,,,,,,,,,104746,,,,,98461,,,,,,,,,,,,,,,,,,,,,,,,,,,,
E004,"Adichunchanagiri Institute Of Technology-Jyothi Nagara, Chikkamagaluru",GM,,,,106484,,,,,,,,,,,,,,,,,,,,,86772,,,,,,,,,,,59442,,,,,,,,,,,,,,,,,,,,,,,,,,,,,,,,,
E005,"Akash Institute of Engineering and Technology-Devanahalli, Bengaluru Rural",GM,71024,,,,,,,,,,,,,,,,,,,,,,,,,,,,91347,,,,,,,111733,,,,,104762,,,,,,,,,,,,,,,,,,,,,,,,,,,,
E006,"Alvas Institute of Engineering and Technology-Moodbidri, Mangaluru",GM,,,,89891,,,,,,,,,,,,,,,,,,,,,56170,,,,,,,,,,,107931,,,,,,,,,,,,,,,75282,,,,,,,,,,,,,,,,,,
E007,"AMC Engineering College-Bannerghatta Rd, Bengaluru",GM,,95021,,109229,,,,,,,,,,,,,,,,,,,,,92944,,,,111096,,,,,,,109518,,,,,,,62066,,,70900,,,,,,,,,,,,,,,,,,,,,,,
E009,"Angadi Institute of Technology and Management-Savagaon Road, Belagavi",GM,,,,,,,,,,,,,,,,,,,,,,,,,,,,,,,,,,,,,,,,,,,107672,,,,,,,,,,,,,,,,,,,,,,,,,,
E011,"APS College of Engineering-Kanakapura Road, Bengaluru",GM,,,,,,,,,,,,,,,,,,,,,,,,,,,,,94218,,,,,,,41643,,,,,,,,,,,,,,,,,,,,,,,,,,,,,,,,,
E012,"Atria Institute of Technology-Hebbal, Bengaluru",GM,,,,92297,,,,,,,,,,,,,,,,,,,,,111230,,,,,,,,,,,85478,,,,,,,110946,,,,,,,,,,,,,109052,,,,,,,104693,,,,,,
E013,"Akshaya Institute of Technology-Koratagere Road, Tumakuru",GM,,,,,,,,,,,,,,,,,,,,,,,,,,,,,,,,,,,,,,,,,,,,,,,,,,,,,,,,,,,,,,,,,,,,,
E014,"Anuvartik Mirji Bharatesh Institute of Technology-Shindhollicross, Belagavi",GM,,,,104513,,,,,,,,,,,,,,,,,,,,,,,,,,,,,,,,,,,,,,,,,,,,,,,,,,,,,,,,,,,,,,,,,
E015,"B.N.M. Institute of Technology-Banashankari, Bengaluru",GM,,,,30837,,,,,,,,,,,,,,,,,,,,,,,,,,,,,,,,24582,,,,,,,37057,,,62330,,,,,,,,,,31447,,,,108369,,,,,,,,,
E016,"KLE Technological University Formerly known as BVBCET-Vidyanagar, Hubballi",GM,,,,,,53894,,,,,,,,,,,106895,33066,,,,,,,,,,,,,,,,,,31388,,,111127,,,,54028,,,110581,,,,,,,,,,,,,,103984,,,,,,,,,60902
E017,"Ballari Institute of Technology And Management-Near Allipura, Ballari",GM,,,,86938,,,,,,,,,,,,,,73490,,,,,,,,,,,,,,,,,,,,,,,,,,,,,,,,,,,,,,,,,,,,,,,,,,,
E019,"Bangalore Institute of Technology-V V Puram, Bengaluru",GM,,,,12943,,,,,,,,,,,,,,,,,,,,,10496,,,,,,,,,,,9177,,,84998,,,,19284,,,29168,33853,,25329,,13341,,,,,15238,,,,53844,,,,17065,,,,23687,
E020,"Bangalore Technological Institute-Chikkanayakanahalli Dinne, Bengaluru",GM,,,,107728,,,,,,,,,,,,,,,,,,,,,103964,100965,,,,,,,,,,81326,,,,,,,94248,,,,,,,,,,,,,,,,,,,,,65090,,,,,
E021,"Bapuji Institute of Engineering and Technology-Shamanur Road, Davangere",GM,,,,111412,,,,,,,,,,,,,,,,,,,,,111716,,,,,,,,,,,110850,,,,,,,101158,,,,,,,,,,,,,106067,,,,,,,,,,,,,
E023,"Basavakalyan Engineering College-NH9 Basavakalyan, Bidar",GM,,,,,,,,,,,,,,,,,,,,,,,,,,,,,,,,,,,,,,,,,,,,,,,,,,,,,,,,,,,,,,,,,,,,,
E024,"Basaveshwar Engineering College-Vidya Nagar, Bagalkote",GM,,,,103197,,,,,,,,,,,,,,,,,,,,,,,,,,,,,,,,92928,,,,,,,108233,,,,,,,,,,,,,108363,,,,,,,,,,,,,
E026,"BLDEAs V.P. Dr.P.G.Halakatti College of Engineering and Technology-Ashram Road, Vijayapura",GM,,,,,,,,,,,,,,,,,,103425,,,,,,,,,,,,,,,,,,106797,,,,,,,,,,,,,,,,,,,,,,,,,,,,,,,,,
E027,"BMS College of Engineering-Basavanagudi, Bengaluru",GM,4049,,,4569,,,,,,,,,,,,,30409,,,4349,,,,,3854,,,25041,,,,,,,,3689,,,31147,,,,5302,,,,,,,,4089,,,,,,,,,13510,,,,,,,,,
E028,"BMS Institute of Technology and Management-Yelahanka, Bengaluru",GM,,,,16633,,,,,,,,,,,,,,,,15601,,,,,,,,,,,,,,,,14153,,,68667,,,,19346,,,26385,,,,,,,,,,,,,,43026,,,,,,,,,
E030,"Brindavan College of Engineering-Yelahanka, Bengaluru",GM,,,,,,,,,,,,,,,,,,,,,,,,,,,,,,,,,,,,,,,6655,,,,,,,,,,,,,,,,,,,,,,,,,,,,,,
E032,"C.M.R. Institute of Technology-Brookefield, Bengaluru",GM,24251,,,22998,,,,,,,,,,,,,,,,,,,,,19813,,,,18611,,,,,,,18084,,,,,,,38765,,,,,,,,,,,,,26492,,,,,,,,,,,,,
E033,"Cambridge Institute of Technology-K R Puram, Bengaluru",GM,,,,59221,,,,,,,,,,,,,,,,,,,,,58396,,,,,,,,,,,58952,,,,,,,111194,,,98440,,,,,63549,,,,,,,,,82604,,,,,,,,,
E035,"Channabasaveshwara Institute of Technology- Gubbi, Tumakuru",GM,,,,,,,,,,,,,,,,,,,,,,,,,,,,,,,,,,,,88016,,,,,,,,,,,,,,,,,,,,,,,,,,,,,,,,,
E036,"Chanakya University-Devanahalli, Bengaluru Rural",GM,,,,,,,,,,,,,,,,,,,,,,,,,,,,,,,,,,,,,,,,,,,,,,,,,,,,,,,,,,61373,,,,,,,,,,48972,
E037,"City Engineering College-Doddakalasandra, Bengaluru",GM,,,,,,,,,,,,,,,,,,,,,,,,,,,,,,,,,,,,,,,,,,,,,,,,,,,100851,,,,,,,,,,,,,,,,,,
E038,"Coorg Institute of Technology-Ponnampet, South Kodagu",GM,,,,,,,,,,,,,,,,,,,,,,,,,,,,,,,,,,,,63276,,,,,,,,,,,,,,,,,,,,,,,,,,,,,,,,,
E039,"Dayananda Sagar Academy of Technology and Management-Kanakpura Road, Bengaluru",GM,,,,,,,,,,,,,,,,,,,,,,,,,37213,,,,34054,,,,,,,35187,,,,,37819,,46875,,,,,,,,39604,,,,,44072,,,,57162,,,,,,,,,
E040,"Dayananda Sagar College of Engineering-Kumaraswamy Layout, Bengaluru",GM,,21325,,6201,,,,37797,,,,,,,,,44710,,,,,,,,5740,,7492,38499,,,,,,,,5479,,,40753,,6442,,10951,,,19099,,,17797,,6664,,,,,7373,,,50220,34913,,,,8006,,,,,
E041,"DON BOSCO Institute of Technology-Kumbalgodu, Bengaluru",GM,102657,,,,,,,,,,,,,,,,,,,,,,,,,,,,107604,,,,,,,111427,,,,,,,81250,,,32466,,,,,33031,,,,,,,,,,,,,,,,,,
E042,"Dr. Ambedkar Institute of Technology-Malathahalli, Bengaluru",GM,,107317,,45417,,,,,,,,,,,,,,,,59929,,,,,48747,,,,,,,,,,,42969,,,,,,,60654,,82112,,,,,,,,,,,60782,,,,,,,,,,,,,
E043,"Yenepoya Institute of Technology formerly known as Dr. M V Shetty Institute of Technology- Moodbidri, Mangaluru",GM,,,,89103,,,,,,,,,,,,,,,,,,,,,,,,,,,,,,,,,,,,,,,,,,,,,,,,,,,,,,,,,,,,,,,,,
E044,"Dr.Shri Shri Shivakumara Mahaswamy College of Engineering-Nelamangala, Bengaluru Rural",GM,,,,,,,,,,,,,,,,,,,,,,,,,,,,,,,,,,,,,,,,,,,,,,,,,,,,,,,,,,,,,,,,,,,,,
E045,"Dr H N National College Of Engineering-Jayanagar, Bengaluru",GM,106828,,,,,,,,,,,,,,,,,,,,,,,,,,,,,,,,,,,99127,,,,,,,,,,,,,,,,,,,,83887,,,,,,,,,,,,,
E046,"East Point College of Engineering and Technology-Avalahalli, Bengaluru",GM,,,,,,,,,,,,,,,,,,,,,,,,,104956,,,,110249,,,,,,,87819,,,,,,,74935,,,,,,,,110484,,,,,108885,,,,,,,,,,,,,
E048,"East West Institute of Technology-BEL Layout, Bengaluru",GM,,,,108498,,,,,,,,,,,,,,,,,,,,,,,,,64384,,,,,,,88757,,,,,,,69091,,,108308,,,,,,,,,,,,,,104180,,,,,,,,,
E049,"Garden City University-Old Madras Road, Bengaluru",GM,,,,,,,,,,,,,,,,,,,,,,,,,,,,,,,,,79136,,,106127,,,,,,,,,,,,,,,,,,,,,,,,,,,,,,,,,
E050,"Global Academy of Technology-Rajarajeshwari Nagar, Bengaluru",GM,80207,76592,,63167,,,,,,,,,,,,,,,,,,,,,,,,,79288,,,,,,,75438,,,104120,,,,111800,,,91719,,,,,,,,,,101196,,,,94278,,,,,,,,,
E051,"GM Institute of Technology-P B Road, Davangere",GM,,,,,,,,,,,,,,,,,,,,,,,,,,,,,,,,,,,,78310,,,,,,,,,,,,,,,,,,,,,,,,,,,,,,,,,
E053,"Gopalan College of Engineering And Management-Whitefield, Bengaluru",GM,,,,,,,,,,,,,,,,,,,,,,,,,90783,,,,110929,,,,,,,101116,,,,,,,90597,,,,,,,,,,,,,,,,,,,,,,,,,,
E055,"GSSS Institute of Engineering and Technology for Women-Metagalli, Mysuru",GM,69950,,,,,,,,,,,,,,,,,,,,,,,,,,,,52101,,,,,,,48397,,,,,,,110904,,,,,,,,,,,,,71549,,,,,,,,,,,,,
E056,"H.K.E.Societys P.D.A. College of Engineering-Aiwan E Shahi area, Kalaburgi",GM,,,,,,,,,,,,,,,,,,,,,,,,,,,,,,,,,,,,,,,,,,,,,,,,,,,,,,,,,,,,,,,,,,,,,
E058,"Sri Jayachamarajendra College of Engineering constituent college of JSS Science and Technology  University-Manasagangothri, Mysuru",GM,,,,,,,,,,,,,,,,,,,,,,,,,,,,,,,,,,,,4752,,,,,,,,,,,,,,,,,,,,,,,,,,,,,,,,,
E059,"Jawaharlal Nehru New College of Engineering JNNCE-Swalanga Road, Shivamogga",GM,,,,101886,,,,,,,,,,,,,,,,,,,,,104928,,,,,,,,,,,101301,,,,,,,75336,,,,,,,,,,,,,85433,,,,,,,,100557,,,,,
E060,"JSS Academy of Technical Education-Kengeri Main Road, Bengaluru",GM,,,,,,,,,,,,,,,,,,,,,,,,,,,,,37474,,,,,,,36550,,,78471,,,,56738,,,,82291,,,,,,,,,44529,,,,97000,,,51021,,,,,,
E061,JSS Science and Technology University-Mysuru,GM,,,,,,,,,,,,,,,,,98365,,,18824,,,,,,,,,13641,,,,,,,12996,,,109696,,,,,,,,,,,,,,,,,19312,,,,56635,,,,,,,,,
E062,"Jain College of Engineering-T.S Nagar, Belagavi",GM,,,,,,,,,,,,,,,,,,,,,,,,,,,,,96545,,,,,,,110288,,,,,,,79925,,,,,,,,,,,,,,,,,,,,,,,,,,
E063,"Jnana Vikas Institute of Technology-Bidadi, Ramnagar Taluk, Bengaluru Rural",GM,,,,,,,,,,,,,,,,,,,,,,,,,,,,,,,,,,,,,,,,,,,,,,,,,,,,,,,,,,,,,,,,,,,,,
E064,"Jain College of Engineering and Research-Udyambag, Belagavi",GM,,,,,,,,,,,,,,,,,,,,,,,,,,,,,110588,,,,,,,110996,,,,,,,77514,,,,,,,,,,,,,,,,,,,,,,,,,,
E065,"KLE Technological University  Formerly called as KLE Dr. M.S. Sheshgiri College of Engineering and  Technology-Udyambag, Belagavi",GM,,,,,,,,,,,,,,,,,,69481,,,,,,,,,,94423,,,,,,,,79727,,,,,,,94385,,,94755,,,,,,,,,,,,,,,,,,,,,,,
E066,"KLE College of Engineering and Technology-Chikodi Dist., Belagavi",GM,105457,,,,,,,,,,,,,,,,,,,,,,,,,,,,,,,,,,,109981,,,,,,,96361,,,,,,,,,,,,,,,,,,,,,,,,,,
E067,"K.S School of Engineering And Management-Off Kanakapura Road, Bengaluru",GM,,,,,,,,,,,,,,,,,,,,,,,,,,,,,,,,,,,,101569,,,,,,,,,,,,,,,,,,,,,,,,,,,,,,,,,
E068,"K.S. Institute of Technology-Kanakapura Main Road, Bengaluru",GM,,,,102605,,,,,,,,,,,,,,,,,,,,,,,,,,,,,,,,106608,,,,,,,66339,,,,,,,,78493,,,,,,,,,,,,,,,,,,
E069,"KVG College Of Engineering-Sullia, Dakshina Kannada",GM,,,,,,,,,,,,,,,,,,,,,,,,,,,,,,,,,,,,,,,,,,,,,,,,,,,,,,,,,,,,,,,,,,,,,
E070,"Kalpataru Institute of Technology-B H Road, Tiptur",GM,,,,,,,,,,,,,,,,,,,,,,,,,,,,,,,,,,,,,,,,,,,,,,,,,,,,,,,,,,,,,,,,,,,,,
E071,"Karavali Institute of Technology-Kottara, Mangaluru",GM,,,,,,,,,,,,,,,,,,,,,,,,,,,,,,,,,,,,,,,,,,,,,,,,,,,,,,,,,,,,,,,,,,,,,
E073,"KLS Gogte Institute of Technology-Udyambag, Belagavi",GM,,107667,,,,,,,,,,,,,,,,,,,,,,,,,,,41876,,,,,,,53966,,,7406,,,,68273,,,92019,,,,,,,,,,,,,,88764,,,,,,,,,
E074,"KLS Vishwanathrao Deshpande Institute of Technology-Dandeli Road, Haliyal",GM,,,,,,,,,,,,,,,,,,111074,,,,,,,,,,,,,,,,,,110111,,,,,,,108632,,,,,,,,,,,,,,,,,,,,,,,,,,
E075,"KNS Institute of Technology-Yelahanka, Bengaluru",GM,,,,103454,,,,,,,,,,,,,,,,,,,,,,,,,,,,,,,,94425,,,,,,,,,,,,,,,,,,,,,,,,,,,,,,,,,
E076,"M.S. Engineering College-Sadahalli, Bengaluru",GM,,,,,,,,,,,,,,,,,,,,,,,,,45773,,,,,,,,,,,101479,,,,,,,,,,,,,,,,,,,,,,,,,,,,,,,,,
E077,"M.S. Ramaiah Institute of Technology-MSR Nagar, Bengaluru",GM,2483,,,2402,,,9212,,,,,,,,,,26988,,,,,,,,,,,28430,1649,,,,,,,1341,,,30423,,2071,,3162,,,5756,6106,,4772,,,,27429,,,2311,,,33938,12622,,,,,,,,,
E078,"Maharaja Institute of Technology-Belawadi, Mandya",GM,,,,,,,,,,,,,,,,,,100751,,106222,,,,,111099,108542,,,96870,,,,,,,101975,,,,,,,110498,,,,,,,,109740,,,,,111029,,,,,,,,,,,,,
E079,"Malnad College of Engineering-Rangoli Halla, Hassan",GM,,,,,,,,,,,,,,,,,,,,,,,,,,,,,92605,,,,,,,110247,,,,,,,,,,,,,,,,,,,,,,,,,,,,,,,,,
E080,"Mangalore Institute of Technology and Engineering-Moodbidri, Mangaluru",GM,,,,,,,,,,,,,,,,,,,,,,,,,,,,,,,,,,,,109490,,,,,,,,,,,,,,,,,,,,,,,,,,,,,,,,,
E081,"Moodalakatte Institute of Technology-Moodalakatte, Udupi",GM,,,,,,,,,,,,,,,,,,,,,,,,,,,,,,,,,,,,,,,,,,,,,,,,,,,,,,,,,,,,,,,,,,,,,
E082,"Maharaja Institute of Technology-Thandavapura, Mysuru",GM,75566,,,,,,,,,,,,,,,,,,,,,,,,,,,,,,,,,,,109919,,,,,,,,,,,,,,,,,,,,,,,,,,,,,,,,,
E083,"Mysuru Royal Institute of Technology-Palahallli, Mandya District",GM,,,,,,,,,,,,,,,,,,,,,,,,,,,,,,,,,,,,,,,,,,,,,,,,,,,,,,,,,,,,,,,,,,,,,
E084,"Nagarjuna College of Engineering And Technology-Devanahalli, Bengaluru",GM,,,,,,,,,,,,,,,,,,,,,,,,,59079,,,,,,,,,,,94779,,,,,,,,,,,,,,,,,,,,,,,,,,,,,,,,,
E085,"The National Institute of Engineering North Campus-Koorgalli, Mysuru",GM,,,,,,,,,,,,,,,,,,,,,,,,,,,,,15809,,,,,,,15390,,,,,,,,,,,,,,,,,,,,,,,,,,,,,,,,,
E088,"Navodaya Institute of Technology-Bijangera, Raichur",GM,,,,,,,,,,,,,,,,,,,,,,,,,,,,,,,,,,,,,,,,,,,,,,,,,,,,,,,,,,,,,,,,,,,,,
E089,"P.E.S.College of Engineering-PES College Road, Mandya",GM,,,,,,,,,,,,,,,,,,,,25053,,,,,29874,,,,23957,,,,,,,35673,,,76684,,,,41342,,43511,37003,,,,,,,,,,42248,,,,,,,,39412,,,,,
E090,"PES Institute of Technology and Management-Kotegangoor Cost, Shivamogga",GM,,,,111068,,,,,,,,,,,,,,,,,,,,,106482,110737,,,,,,,,,,82096,,,,,,,108985,,,69375,,,,,,,,,,107203,,,,88296,,,,,,,,,
E094,"Proudhadevaraya Institute of Technology-TB Dam Road, Hosapete",GM,,,,,,,,,,,,,,,,,,,,,,,,,,,,,,,,,,,,,,,,,,,,,,,,,,,,,,,,,,,,,,,,,,,,,
E095,"R V College of Engineering-Mysore Road, Bengaluru",GM,,,,,,,3464,,,,,,,,,,14685,,,,,,,,649,,,11506,713,,,,,,,542,,,17969,,774,,1077,,,1866,,,1343,,,,12328,,,,,,,5339,,,,,,,,,
E096,"R.L. Jalappa Institute of Technology-Kodigehalli, Doddaballapur",GM,,,,,,,,,,,,,,,,,,,,,,,,,,,,,,,,,,,,,,,,,,,,,,,,,,,,,,,,,,,,,,,,,,,,,
E097,"R.R. Institute of Technology-Chikkabanavara, Bengaluru",GM,,,,,,,,,,,,,,,,,,,,,,,,,,,,,,,,,,,,,,,,,,,,,,,,,,,,,,,,,,,,,,,,,,,,,
E098,"R T E Societys Rural Engineering College-Hulkoti, Gadag",GM,,,,,,,,,,,,,,,,,,,,,,,,,,,,,,,,,,,,,,,,,,,,,,,,,,,,,,,,,,,,,,,,,,,,,
E099,"Raja Rajeswari College of Engineering-Kumbalgodu, Bengaluru",GM,,,,103540,,,,,,,,,,,,,,,,,,,,,,,,,,,,,,,,105648,,,,,,,56779,,,,,,,,,,,,,92310,,,,,,,,,,,,,
E100,"Rajeev Institute of Technology-BM Bypass Road, Hassan",GM,,,,,,,,,,,,,,,,,,,,,,,,,,,,,,,,,,,,,,,,,,,,,,,,,,,,,,,,,,,,,,,,,,,,,
E101,"Rajiv Gandhi Institute of Technology-R T Nagar Post, Bengaluru",GM,,,,72485,,,,,,,,,,,96470,,,,,,,,,,,,,,,,,,,,,103272,,,,,,,67192,,,,,,,,,,,,,,,,,,,,,,,,,,
E102,"Rao Bahadur Y Mahabaleswarappa Engineering College-Cantonment, Ballari",GM,,,,,,,,,,,,,,,,,,,,,,,,,,,,,,,,,,,,,,,,,,,,,,,,,,,,,,,,,,,,,,,,,,,,,
E104,"RNS Institute of Technology-R R Nagar Post, Bengaluru",GM,,,,,,,,,,,,,,,,,,,,,,,,,34045,,,,33681,,,,,,,30222,,,92294,,35124,,40410,,,45507,,,,,,,,,,,,,,57487,,,,,,,,,
E105,"Bheemanna Khandre Institute of Technology-Bhalki, Bidar",GM,,,,,,,,,,,,,,,,,,,,,,,,,,,,,,,,,,,,,,,,,,,,,,,,,,,,,,,,,,,,,,,,,,,,,
E107,"SJB Institute of Technology-Kengeri, Bengaluru",GM,,,,55981,,,,,,,,,,,,,,,,,,,,,62287,,,,,,,,,,,53748,,,,,,,109664,,,,,,,,,,,,,71438,,,,,,,,,,,,,
E108,"S J C Institute of Technology-BB Road, Chikkaballapur",GM,,,,,,,110023,,,,,,,,,,,,,,,,,,,,,,62272,,,,,,,51440,,,,,,,,,,,,,,,,,,,,,,,,,,,,,,,,,
E109,"S.E.A. College of Engineering and Technology-K R Puram, Bengaluru",GM,,,,38473,,,,,,,,,,,,,,,,,,,,,,,,,,,,,,,,86597,,,,,,,,,,,,,,,,,,,,,,,,,,,,,,,,,
E110,"SSETs S.G. Balekundri Institute of Technology-Shivabasva Nagar, Belagavi",GM,101776,,,,,,,,,,,,,,,,,,,,,,,,,,,,,,,,,,,104814,,,,,,,,,,,,,,,,,,,,,,,,,,,,,,,,,
E111,"S.J.P.N Trust s Hirasugar Institute of Technology-Nidasoshi, Belagavi",GM,,,,,,,,,,,,,,,,,,,,,,,,,,,,,,,,,,,,,,,,,,,,,,,,,,,,,,,,,,,,,,,,,,,,,
E112,"Sahyadri College of Engineering and Management-Adyar, Mangaluru",GM,,,,,,,,,,,,,,,,,,,,,,,,,,,,,103600,,,,,,,104962,,,,,,,,,,,,,,,,,,,,102448,,,,,,,55193,,,,,,
E113,"Sai Vidya Institute of Technology-Rajan Kunte, Bengaluru",GM,,,,,,,,,,,,,,,,,,,,,,,,,,,,,110575,,,,,,,107167,,,,,,,33986,,,,,,,,,,,,,,,,,,,,,,,,,,
E114,"Sambhram Institute of Technology-Jalahalli East, Bengaluru",GM,,,,,,,,,,,,,,,,,,,,,,,,,,,,,,,,,,,,,,,,,,,,,,,,,,,,,,,,,,,,90200,,,,,,,,,
E116,"Sapthagiri NPS University-Hesarghatta Main Road, Bengaluru",GM,,,,,,,,,,,,,,,,,,,,,,,,,103424,,,,,,,,,,,110300,,,,,,,88619,,,93840,,,,,,,,,,,,,,,,,,,,,,,
E117,"SDM College of Engineering and Technology, Tulu Minority-Kalaghatagi, Dharwad",GM,,,,55939,,,,,,,,,,,,,,,,,,,,,,,,88258,,,,,,,,49002,,,70309,,,,66979,,,107627,,,,,,,,,,57018,,,,109315,,,,,,,,,
E118,"SDM Institute of Technology, Tulu Minority-Ujjire, Dakshina Kannada",GM,77621,,,,,,,,,,,,,,,,,,,,,,,,,,,,,,,,,,,89042,,,,,,,,,,,,,,,,,,,,,,,,,,,,,,,,,
E119,"SECAB Institute of Engineering andTechnology-Nauraspur-Bagalkot Road, Vijayapura",GM,,,,,,,,,,,,,,,,,,,,,,,,,,,,,,,,,,,,,,,,,,,,,,,,,,,,,,,,,,,,,,,,,,,,,
E121,"Sri Sairam College of Engineering-Anekal, Bengaluru",GM,,,,,,,,,,,,,,,,,,,,,,,,,,,,,,,,,,,,,,,,,,,,,,,,,,,,,,,,,,,,,,,,,,,,,
E122,"Shree Devi Institute of Technology-Kenjar, Mangaluru",GM,,,,,,,,,,,,,,,,,,,,,,,,,,,,,81412,,,,,,,,,,,,,,,,,,,,,,,,,,,,,,,,,,,,,,,,
E123,"Shri Madhwa Vadiraja Institute of Technology and Management-Bantakal, Udupi",GM,62552,,,,,,,,,,,,,,,,,,,,,,,,,,,,,,,,,,,,,,,,,,,,,,,,,,,,,,,,,,,,,,,,,,,,
E124,"Shridevi Institute of Engineering and Technology-Sira Road, Tumakuru",GM,,,,,,,,,,,,,,,,,,,,,,,,,,,,,,,,,,,,,,,,,,,,,,,,,,,,,,,,,,,,,,,,,,,,,
E125,"Siddaganga Institute of Technology-B H Road, Tumakuru",GM,,,,,,,,,,,,,,,,,,,,,,,,,,,,,15983,,,,,,,14939,,,,,,,21476,,,,,,,,,,,,,18090,,,,,,,,,,,,,
E126,"Sir M.Visvesvaraya Institute of Technology-Yelahanka, Bengaluru",GM,,,,24120,,,,,,,,,,,,,78926,,,,,,,,23926,,,,,,,,,,,22026,,,110094,,,,34643,,,65232,,,52153,,26568,,,,,30150,,,,84225,,,,34662,,,45918,,
E127,"SJM Institute of Technology-NH 4 Bye-pass, Chitradurga",GM,,,,,,,,,,,,,,,,,,,,,,,,,,,,,,,,,,,,86353,,,,,,,,,,,,,,,,,,,,,,,,,,,,,,,,,
E128,"Smt. Kamala and Sri Venkappa M. Agadi College of Engineering and Technology-Laxmeswar,  Gadag",GM,,,,,,,,,,,,,,,,,,,,,,,,,,,,,,,,,,,,,,,,,,,,,,,,,,,,,,,,,,,,,,,,,,,,,
E132,"Sri Krishna Institute of Technology-Chikkabanavara, Bengaluru",GM,,,,,,,,,,,,,,,,,,,,,,,,,,,,,,,,,,,,,,,,,,,,,,,,,,,,,,,,,,,,,,,,,,,,,
E136,"Sri Taralabalu Jagadguru Institute of Technology-Haveri Dist., Ranebennur",GM,,,,,,,,,,,,,,,,,,,,,,,,,,,,,,,,,,,,,,,,,,,,,,,,,,,,,,,,,,,,,,,,,,,,,
E137,"Sri Venkateshwara College of Engineering-KIAL Road, Bengaluru",GM,,,,,,,,,,,,,,,,,,80920,,,,,,,,,,,,,,,,,,109058,,,,,106739,,,,,,,,,,,,,,,,,,,,,,,,,,,,
E138,"Srinivas Institute of Technology-Hampankatta, Mangaluru",GM,,,,,,,,,,,,,,,,,,,,,,,,,,,,,,,,,,,,90025,,,,,,,,,,,,,,,,,,,,,,,,,,,,,,,,,
E141,"T. John Institute of Technology-Bannerghatta Road, Bengaluru",GM,,,,97282,,,,,,,,,,,,,,,,,,,,,,,,,,,,,,,,106939,,,,,,,,,,,,,,,,,,,,,,,,,,,,,,,,,
E142,"The National Institute of Engineering South Campus-Mananthavady Road, Mysuru",GM,,,,,,,,,,,,,,,,,,,,,,,,,,,,,,,,,,,,,,,,,,,20308,,,23770,,,,,,,,,,,,,,33516,,,,,,,,,
E143,"Tontadarya College of Engineering-Mundaragi Road , Gadag",GM,,,,,,,,,,,,,,,,,,,,,,,,,,,,,,,,,,,,,,,,,,,,,,,,,,,,,,,,,,,,,,,,,,,,,
E144,"Veerappa Nisty Engineering College-Shorapur, Yadgir",GM,,,,,,,,,,,,,,,,,,,,,,,,,,,,,,,,,,,,,,,,,,,,,,,,,,,,,,,,,,,,,,,,,,,,,
E145,"Vemana Institute of Technology-Koramangala, Bengaluru",GM,,,,110976,,,,,,,,,,,,,,,,,,,,,87999,,,,,,,,,,,109781,,,,,,,,,,,,,,,,,,,,,,,,,,,,,,,,,
E146,"Vidya Vikas Institute of Engineering and Technology-Alnahally, Mysuru",GM,,,,,,,,,,,,,,,,,,,,,,,,,,,,,,,,,,,,106350,,,,,,,,,,,,,,,,,,,,111279,,,,,,,,,,,,,
E147,"Vidyavardhaka College of Engineering-Gokulam, Mysuru",GM,,,,,,,,,,,,,,,,,,,,,,,,,,,,,64888,,,,,,,82079,,,110523,,,,105161,,,84576,,,,,,,,,,,,,,106778,,,,,,,,,
E148,"Vivekananda College of Engineering and Technology-Puttur, Dakshin Kannada",GM,,,,,,,,,,,,,,,,,,,,,,,,,,,,,,,,,,,,,,,,,,,,,,,,,,,,,,,,,,,,,,,,,,,,,
E152,"ATME College of Engineering-Bannur Road, Mysuru",GM,,,,,,,,,,,,,,,,,,,,,,,,,,,,,99165,,,,,,,105603,,,,,,,,,,,,,,,,,,,,,,,,,,,,,,,,,
E156,"Jyothy Institute of Technology-Tathguni, Bengaluru",GM,,,,88766,,,,,,,,,,,,,,,,,,,,,,,,,,,,,,,,109278,,,,,,,,,,,,,,,,,,,,,,,,,,,,,,,,,
E158,"Shetty Institute of Technology - Gulbarga Shahabad Road, Kalaburagi",GM,,,,,,,,,,,,,,,,,,,,,,,,,,,,,,,,,,,,,,,,,,,,,,,,,,,,,,,,,,,,,,,,,,,,,
E159,"Lingaraj Appa Engineering-Gornalli, Bidar",GM,,,,,,,,,,,,,,,,,,,,,,,,,,,,,,,,,,,,,,,,,,,,,,,,,,,,,,,,,,,,,,,,,,,,,
E161,"Cambridge Institute of Technology North Campus-Kundana, Bengaluru",GM,,,,,,,,,,,,,,,,,,,,,,,,,105165,,,,105955,,,,,,,104072,,,,,100037,,,,,,,,,,,,,,,,,,,21531,,,,,,,,,
E164,"Reva University-Yelahanka, Bengaluru",GM,34295,,71914,,,,,,,,,,,,,,,,,,,,,,,,,,27585,39983,,,,,,,,,102529,,,,48305,,,,,,,,42714,,,,,44161,,,,,,,,,,,,,
E165,"Alliance College of Engineering and Design. Alliance University-Anekal, Bengaluru",GM,,,,,,,94827,,,,,,,,,,104355,,,,,,,,,,,,,,,,,80186,,42800,109154,86640,,,60538,,110448,,,61682,,,,67223,,109750,,71584,,,,,,88403,,,,,,,,,
E171,"GITAM Deemed to be University-Dodaballapur taluk, Bengaluru",GM,,,,,,,,,,,,,,,,,,,,,,,,,24435,,,,21709,,,,,,,20658,,,,,24121,,37265,99933,,,,,,,,,,,,,,,,95156,,,,29322,,,,81522,
E172,"Mysore College of Engineering and Management-Chikkahalli, Mysuru",GM,,,,,,,,,,,,,,,,,,,,,,,,,,,,,,,,,,,,,,,,,,,,,,,,,,,,,,,,,,,,,,,,,,,,,
E173,"Presidency University-Yelahanka, Bengaluru",GM,,,,,,,,,,,,,,,,,,,,,75355,,,,75286,,,,58354,,,,,79721,,46905,85739,86348,104478,,76298,,111665,,,97479,,,,,,,,,,75506,107866,,,,,,,,,,,,89941
E183,"Jain Institute of Technology-Avaragere Village, Davangere",GM,,,,,,,,,,,,,,,,,,,,,,,,,,,,,,,,,,,,,,,,,,,,,,,,,,,,,,,,,,,,,,,,,,,,,
E187,"CMR University-Bagalur-Chagalatti, Bengaluru",GM,,,,,,,,,,,,,,,,,,,,,,,,,55912,87610,,,47545,,,,75437,,,57965,,,,,,,66541,,,,,,,,,,,98024,,,,,,,,,,,,,,,
E191,"Sir M V School Of Architecture-Yelahanka, Bengaluru",GM,,,,,,,,,,44061,,,,,,,,,,,,,,,,,,,,,,,,,,,,,,,,,,,,,,,,,,,,,,,,,,,,,,,,,,,
E194,"Jain College of Engineering and Technology-Unkal, Hubballi",GM,,,,108652,,,,,,,,,,,,,,,,,,,,,,,,,,,,,,,,99653,,,,,,,89005,,,,,,,,,,,,,,,,,,,,,,,,,,
E195,"Navkis College of Engineering -Kandali NH75, Hassan",GM,,,,,,,,,,,,,,,,,,,,,,,,,,,,,95782,,,,,,,,,,,,,,,,,,,,,,,,,,,,,,,,,,,,,,,,
E197,"M.S. Ramaiah University of Applied Sciences-MSR Nagar, Bengaluru",GM,,,,,,,,,47146,,,,,,,,,,,,,,,,,,,,,,,,,,,,,,68875,,,,,,,,,,,,,,,,,25525,,,,,,,,,,,,,
E198,"R V Institute of Technology and Management-J P Nagar, Bengaluru",GM,,,,,,,,,,,,,,,,,,,,,,,,,,,,,15849,,,,,,,14773,,,,,,,18473,,,,,,,,,,,,,,,,,,,,,,,,,,
E199,"Biluru Gurubasava Mahaswamiji Institute of Technology-Mudhol, Bagalkot",GM,,,,,,,,,,,,,,,,,,,,,,,,,,,,,,,,,,,,,,,,,,,,,,,,,,,,,,,,,,,,,,,,,,,,,
E201,"G Madegowda Institute of Technology-Maddur, Mandya District",GM,,,,,,,,,,,,,,,,,,,,,,,,,,,,,,,,,,,,,,,,,,,,,,,,,,,,,,,,,,,,,,,,,,,,,
E202,"C Byregowda Insitute of Technology-Thoradevandahalli, Kolar",GM,,,,,,,,,,,,,,,,,,,,,,,,,,,,,,,,,,,,,,,,,,,,,,,,,,,,,,,,,,,,,,,,,,,,,
E203,"Amruta Institute of Engineering and Management Science-Bidadi, Ramnagar Taluk, Bengaluru  Rural",GM,,,,81494,,,,,,,,,,,,,,,,,,,,,,,,,,,,,,,,110891,,,,,,,,,,,,,,,,,,,,,,,,,,,,,,,,,
E204,"H.K.E. Societys Sir M. Visvesvaraya College of Engineering-Yermarus Camp, Raichur",GM,,,,,,,,,,,,,,,,,,,,,,,,,,,,,,,,,,,,,,,,,,,,,,,,,,,,,,,,,,,,,,,,,,,,,
E205,"Vijaya Vittala Institution of Technology-Kothanur, Bengaluru",GM,,,,,,,,,,,,,,,,,,,,,,,,,,,,,,,,,,,,40289,,,,,,,,,,,,,,,,,,,,,,,,,,,,,,,,,
E206,"Cauvery Institute Of Technology-Sundahalli, Mandya",GM,,,,,,,,,,,,,,,,,,,,,,,,,,,,,,,,,,,,,,,,,,,,,,,,,,,,,,,,,,,,,,,,,,,,,
E207,"BGS College of Engineering and Technology-Mahalaxmipuram, Bengaluru",GM,108945,,,96926,,,,,,,,,,,,,,,,,,,,,,,70313,,,,,,,,,100335,,,,,,,,,,,,,,,,,,,,89272,,,,,,,,,,,,,
E208,"A.G.M Rural College of Engineering and Technology-Varur, Hubballi",GM,,,,,,,,,,,,,,,,,,,,,,,,,,,,,,,,,,,,,,,,,,,,,,,,,,,,,,,,,,,,,,,,,,,,,
E209,"Aditya College of Engineering and Technology-Yelahanka, Bengaluru",GM,90966,,,107173,,,,,,,,,,,,,,,,,,,,,,,,,,,,,,,,,,,,,,,,,,,,,,,,,,,,,,,,,,,,,,,,,
E211,"East West College of Engineering-Yelahanka, Bengaluru",GM,,,,,93611,,,,,,,,,,,,,,,,,,,,,,,,,,,,,,,,,,,,,,,,,,,,,,,,,,,,,,,,,,,,,,,,
E212,"Seshadripuram Institute of Technology - Jaipura Hobli, Mysuru",GM,,,,104925,,,,,,,,,,,,,,,,,,,,,,,,,,,,,,,,102501,,,,,,,105585,,,,,,,,,,,,,,,,,,,,,,,,,,
E214,"Sri Siddhartha School of Engineering-Near Kyathsandra Toll Gate, Tumkur",GM,,,,,,,,,,,,,,,,,,,,,,,,,,,,,,,,,,,,61878,,,,,,,,,,,,,,,,,,,,,,,,,,,,,,,,,
E215,"Cauvery College of Engineering-KBL Layout, Mysuru",GM,,,,,,,,,,,,,,,,,,,,,,,,,,,,,,,,,,,,,,,,,,,,,,,,,,,,,,,,,,,,,,,,,,,,,
E216,"New Ebenezer Institute of Technology - Kothanur, Bangalore",GM,,,,,,,,,,,,,,,,,,,94868,,,,,,,,,,,,,,,,,,,,,,,,,,,,,,,,,,,,,,,,,,,,,,,,,,
E217,"Harsha Institute of Technology-Nelamangala Taluk, Bangalore Rural",GM,,,,,,,,,,,,,,,,,,,,,,,,,85336,,,,,,,,,,,80960,,,,,,,110173,,,,,,,,,,,,,,,,,,,,,,,,,,
